공고일자,기관명,AI관련여부,품질인증관련여부,관련키워드,공고유형,접수시작일,접수종료일,마감Dday,번호,남은기간,제목,비고,작성자,상세링크
2026-07-28,NIPA,N,N,,R&D지원사업,2026-07-28,,,362,D-24,2026 가상융합산업허브 입주기업 모집(2차),가상융합산업허브 기업성장센터,이수진,https://www.nipa.kr/home/2-2/16872
2026-07-28,KIAT,Y,N,"AI, 데이터",입찰(용역)공고,2026-07-28,2026-08-11,D-14,4031,접수중,(입찰재공고) AI 데이터센터 소부장 사업화 지원 기획 연구,,,https://www.kiat.or.kr/front/board/boardContentsView.do?board_id=77&contents_id=a1f5df3bd5904aa2987cd45272cf6301&MenuId=1e29209309434ec29095728c6f1356c7
2026-07-28,KISA,N,Y,보안,R&D지원사업,2026-07-28,,,New,,[사전규격공개] 라우팅 보안 체계 테스트베드 시범 운영 및 기술지원,,,https://www.kisa.or.kr/403/form?postSeq=10798&page=1
2026-07-28,KISA,N,N,,기타,2026-07-28,,,New,,제8차 인터넷주소자원 기본계획 수립 컨설팅,,,https://www.kisa.or.kr/403/form?postSeq=10797&page=1
2026-07-27,NIA,N,N,,기타,2026-07-27,2026-07-31,D-3,29750,신규,[사전규격공개] 울산광역시교육청 5단계 스쿨넷서비스 제공 사업 [첨부파일],통신서비스팀,이인아,https://www.nia.or.kr/site/nia_kor/ex/bbs/View.do?cbIdx=78336&bcIdx=29750&parentSeq=29750
2026-07-27,NIA,N,N,,기타,2026-07-27,2026-07-31,D-3,29749,신규,[사전규격공개] 대전광역시교육청 통신망(5단계스쿨넷) 제공 사업 [첨부파일],통신서비스팀,이인아,https://www.nia.or.kr/site/nia_kor/ex/bbs/View.do?cbIdx=78336&bcIdx=29749&parentSeq=29749
2026-07-27,NIA,N,N,,입찰(용역)공고,2026.07.27,,,29748,신규,[조달입찰공고] 2026년 디지털서비스개방 이용활성화 [첨부파일],재무관리팀,권남희,https://www.nia.or.kr/site/nia_kor/ex/bbs/View.do?cbIdx=78336&bcIdx=29748&parentSeq=29748
2026-07-27,NIA,Y,N,인공지능,기타,2026-07-27,2026-07-29,D-1,29746,신규,[사전규격공개] 2026년 인공지능 맞춤형 교수학습 플랫폼 실무자 역량 강화 [첨부파일],재무관리팀,이용진,https://www.nia.or.kr/site/nia_kor/ex/bbs/View.do?cbIdx=78336&bcIdx=29746&parentSeq=29746
2026-07-27,NIA,N,N,,입찰(용역)공고,2026.07.27,2026-08-04,D-7,29744,신규,[조달입찰 재공고] 2026년 공공 재해복구시스템(DR) 구축 ISP 사업(8차)(긴급) [첨부파일],정보자원기반관리TF팀,진수영,https://www.nia.or.kr/site/nia_kor/ex/bbs/View.do?cbIdx=78336&bcIdx=29744&parentSeq=29744
2026-07-27,NIA,N,N,,입찰(용역)공고,2026.07.27,2026-08-04,D-7,29743,신규,[조달입찰 재공고] 2026년 공공 재해복구시스템(DR) 구축 ISP 사업(7차)(긴급) [첨부파일],정보자원기반관리TF팀,이재훈,https://www.nia.or.kr/site/nia_kor/ex/bbs/View.do?cbIdx=78336&bcIdx=29743&parentSeq=29743
2026-07-27,NIA,Y,N,지능형,입찰(용역)공고,2026.07.27,,,29742,신규,[조달청입찰공고] 국방 지능형 플랫폼 고도화 구축 [첨부파일],재무관리팀,장경수,https://www.nia.or.kr/site/nia_kor/ex/bbs/View.do?cbIdx=78336&bcIdx=29742&parentSeq=29742
2026-07-27,KIAT,N,N,,입찰(용역)공고,2026-07-27,2026-08-11,D-14,4030,접수중,(입찰공고) 광역연계형 규제자유특구 신규 전략과제 발굴 및 기획 연구,,,https://www.kiat.or.kr/front/board/boardContentsView.do?board_id=77&contents_id=9c82281cbbc24b7798e87b11b5a7e241&MenuId=1e29209309434ec29095728c6f1356c7
2026-07-27,KISA,N,N,,기타,2026-07-27,,,1896,,[사전규격공개] 암호프로토콜 기반 암호 적용 현황 식별 분석체계 마련,,,https://www.kisa.or.kr/403/form?postSeq=10796&page=1
2026-07-27,KISA,N,N,,기타,2026-07-27,,,1895,,2026 글로벌 정보보호 시장 심층 조사,,,https://www.kisa.or.kr/403/form?postSeq=10795&page=1
2026-07-27,KISA,N,N,,입찰(용역)공고,2026-07-27,,,1894,,한·중 개인정보보호 협력포럼 및 세미나 개최 운영 용역,,,https://www.kisa.or.kr/403/form?postSeq=10794&page=1
2026-07-27,KISA,N,N,,입찰(용역)공고,2026-07-27,,,1893,,[사전규격공개] 양자내성암호 시범전환 회계 감사 용역,,,https://www.kisa.or.kr/403/form?postSeq=10793&page=1
2026-07-27,한국과학기술기획평가원,N,N,,R&D지원사업,2026-03-01,2027-12-31,D-521,017852,접수중,(TEST) KISTEP  통합공고 테스트 입니다.,"과학기술정보통신부 / 자유공모,정책지정공모",,https://www.iris.go.kr/contents/retrieveBsnsAncmView.do?ancmId=017852
2026-07-24,KIAT,N,N,,입찰(용역)공고,2026-07-24,2026-08-05,D-8,4029,접수중,(입찰재공고) 산업기술 R&D 정책 성과관리 및 환류체계 구축방안 정책연구  ​,,,https://www.kiat.or.kr/front/board/boardContentsView.do?board_id=77&contents_id=7b935adfe22c4e05bf429b109e08e2cd&MenuId=1e29209309434ec29095728c6f1356c7
2026-07-24,KIAT,N,N,,입찰(용역)공고,2026-07-24,2026-08-05,D-8,4028,접수중,(입찰공고) 산업기반구축사업 지속가능성 제고를 위한 연구기반센터 점검 연구용역,,,https://www.kiat.or.kr/front/board/boardContentsView.do?board_id=77&contents_id=96ed065bf83b454fa74bd7974aa22610&MenuId=1e29209309434ec29095728c6f1356c7
2026-07-24,KIAT,N,N,,입찰(용역)공고,2026-07-24,2026-08-05,D-8,4027,접수중,(입찰공고) 2026년 기술나눔 제도 운영 성과조사,,,https://www.kiat.or.kr/front/board/boardContentsView.do?board_id=77&contents_id=0eccb5d8c6cc48d382b2b755e8ad217e&MenuId=1e29209309434ec29095728c6f1356c7
2026-07-24,KIAT,N,N,,입찰(용역)공고,2026-07-24,2026-08-05,D-8,4026,접수중,(입찰공고) 해외기술협력거점(GT) 고도화 방안 수립 연구용역,,,https://www.kiat.or.kr/front/board/boardContentsView.do?board_id=77&contents_id=e70fb8e6a4d540f9b72f5aadf8af72ec&MenuId=1e29209309434ec29095728c6f1356c7
2026-07-24,KISA,N,Y,"보안, 취약점",R&D지원사업,2026-07-24,,,1892,,(재공고)개발기업 SBOM 기반 오픈소스 보안 취약점 분석 및 관리체계 운영 지원,,,https://www.kisa.or.kr/403/form?postSeq=10792&page=1
2026-07-24,한국에너지기술평가원,N,N,,R&D지원사업,2026-07-28,2026-08-24,D-27,023197,접수중,2026년도 2차 에너지수요관리핵심기술개발사업 신규지원대상 연구개발과제 공고,기후에너지환경부 / 품목지정공모,,https://www.iris.go.kr/contents/retrieveBsnsAncmView.do?ancmId=023197
2026-07-24,한국연구재단,N,N,,기타,2026-07-24,2026-08-06,D-9,023178,접수중,2026년도 제3차 과학기술분야 연구기획과제 공모,과학기술정보통신부 / 지정공모,,https://www.iris.go.kr/contents/retrieveBsnsAncmView.do?ancmId=023178
2026-07-23,NIA,N,N,,입찰(용역)공고,2026.07.23,,,29739,신규,[입찰공고] 제2차 재난안전통신망 기본계획 수립 [첨부파일],재무관리팀,이용진,https://www.nia.or.kr/site/nia_kor/ex/bbs/View.do?cbIdx=78336&bcIdx=29739&parentSeq=29739
2026-07-23,NIA,Y,N,지능형,입찰(용역)공고,2026.07.23,,,29738,신규,[조달입찰공고] 국방 지능형 플랫폼 고도화 구축 [첨부파일],재무관리팀,장경수,https://www.nia.or.kr/site/nia_kor/ex/bbs/View.do?cbIdx=78336&bcIdx=29738&parentSeq=29738
2026-07-23,NIA,N,Y,시험,입찰(용역)공고,2026.07.23,,,29737,신규,[입찰공고] 차세대 네트워크 선도 연구시험망 과제기획(KOREN 6.0) [첨부파일],재무관리팀,장경수,https://www.nia.or.kr/site/nia_kor/ex/bbs/View.do?cbIdx=78336&bcIdx=29737&parentSeq=29737
2026-07-23,NIA,N,N,,입찰(용역)공고,2026.07.23,,,29729,신규,[입찰공고(재공고)] 디지털역량(지원)센터 기반의 디지털취약계층 지원 방안 수립 [첨부파일],재무관리팀,정하윤,https://www.nia.or.kr/site/nia_kor/ex/bbs/View.do?cbIdx=78336&bcIdx=29729&parentSeq=29729
2026-07-22,KISA,Y,N,데이터,R&D지원사업,2026-07-22,,,1888,,2026년 마이데이터 서비스 지원사업 회계정산,,,https://www.kisa.or.kr/403/form?postSeq=10788&page=1
2026-07-22,KISA,N,N,,기타,2026-07-22,,,1889,,개인정보 노출 및 불법유통 분석·대응체계 강화를 위한 기능개선,,,https://www.kisa.or.kr/403/form?postSeq=10789&page=1
2026-07-22,NIPA,Y,Y,"인공지능, 보안",R&D지원사업,2026-07-22,,,361,D-24,특화 인공지능 파운데이션 모델 개발(사이버 보안 분야) 사업 공고,특화 인공지능 파운데이션 모델 개발(사이버 보안 분야) 사업,박정호,https://www.nipa.kr/home/2-2/16866
2026-07-22,NIA,N,N,,입찰(용역)공고,2026.07.22,,,29728,신규,[입찰공고] 제12회 글로벌 ICT 리더십 포럼 운영지원 [첨부파일],재무관리팀,배보배,https://www.nia.or.kr/site/nia_kor/ex/bbs/View.do?cbIdx=78336&bcIdx=29728&parentSeq=29728
2026-07-22,NIA,Y,N,AI,기타,2026-07-22,2026-07-26,마감,29727,신규,[사전규격공개] 신규 스마트워크센터(인천) 구축 공사(소방) [첨부파일],AI정부혁신성과팀,김성수,https://www.nia.or.kr/site/nia_kor/ex/bbs/View.do?cbIdx=78336&bcIdx=29727&parentSeq=29727
2026-07-22,NIA,Y,N,AI,기타,2026-07-22,2026-07-26,마감,29726,신규,[사전규격공개] 신규 스마트워크센터(인천) 구축 공사(통신) [첨부파일],AI정부혁신성과팀,김성수,https://www.nia.or.kr/site/nia_kor/ex/bbs/View.do?cbIdx=78336&bcIdx=29726&parentSeq=29726
2026-07-22,NIA,Y,N,AI,기타,2026-07-22,2026-07-26,마감,29725,신규,[사전규격공개] 신규 스마트워크센터(인천) 구축 공사(전기) [첨부파일],AI정부혁신성과팀,김성수,https://www.nia.or.kr/site/nia_kor/ex/bbs/View.do?cbIdx=78336&bcIdx=29725&parentSeq=29725
2026-07-22,NIA,Y,N,AI,기타,2026-07-22,2026-07-26,마감,29724,신규,[사전규격공개] 신규 스마트워크센터(인천) 구축 공사(실내건축) [첨부파일],AI정부혁신성과팀,김성수,https://www.nia.or.kr/site/nia_kor/ex/bbs/View.do?cbIdx=78336&bcIdx=29724&parentSeq=29724
2026-07-22,NIA,Y,N,AI,기타,2026-07-03,2026-07-08,마감,29723,신규,[사전규격공개] AIEP 메일 계정 및 빅테크 교육 플랫폼 연동 운영 [첨부파일],AI기술전략팀,전호현,https://www.nia.or.kr/site/nia_kor/ex/bbs/View.do?cbIdx=78336&bcIdx=29723&parentSeq=29723
2026-07-22,NIA,Y,N,"AI, 지능형",기타,2026.07.22,2026-07-10,마감,29722,신규,[사전규격공개] 국방 지능형 플랫폼 고도화 구축 [첨부파일],AI기술전략팀,박수영,https://www.nia.or.kr/site/nia_kor/ex/bbs/View.do?cbIdx=78336&bcIdx=29722&parentSeq=29722
2026-07-22,NIA,Y,N,AI,입찰(용역)공고,2026.07.22,2026-08-11,D-14,29721,신규,[조달입찰공고] 모두의 AI 실험실 활용·지원 프로세스 수립 및 활성화 (긴급공고) [첨부파일],재무관리팀,이용진,https://www.nia.or.kr/site/nia_kor/ex/bbs/View.do?cbIdx=78336&bcIdx=29721&parentSeq=29721
2026-07-22,KISA,N,N,,R&D지원사업,2026-07-22,,,공지,,「2026년 블록체인 응용서비스(API) 개발 자금 지원사업」 2차 모집 공고,,,https://www.kisa.or.kr/403/form?postSeq=10786&page=1
2026-07-22,KISA,N,N,,기타,2026-07-22,2026-07-27,마감,1891,,[사전규격공개] 제8차 인터넷주소자원 기본계획 수립 컨설팅,,,https://www.kisa.or.kr/403/form?postSeq=10791&page=1
2026-07-22,KISA,N,N,,입찰(용역)공고,2026-07-22,,,1890,,2026년 블록체인 혁신선도 프로젝트 지원사업 IT감리 용역,,,https://www.kisa.or.kr/403/form?postSeq=10790&page=1
2026-07-22,KISA,N,N,,기타,2026-07-22,,,1889,,개인정보 노출 및 불법유통 분석·대응체계 강화를 위한 기능개선,,,https://www.kisa.or.kr/403/form?postSeq=10789&page=2
2026-07-22,KISA,Y,N,데이터,R&D지원사업,2026-07-22,,,1888,,2026년 마이데이터 서비스 지원사업 회계정산,,,https://www.kisa.or.kr/403/form?postSeq=10788&page=2
2026-07-22,KISA,N,N,,기타,2026-07-22,,,1887,,2026년 정보보호전문인력양성 민간위탁사업비 회계 정산 위탁,,,https://www.kisa.or.kr/403/form?postSeq=10787&page=2
2026-07-22,KISA,N,N,,기타,2026-07-22,,,1886,,블록체인 최정예 인재양성 방안 연구,,,https://www.kisa.or.kr/403/form?postSeq=10785&page=2
2026-07-21,NIPA,N,N,,R&D지원사업,2026-07-21,,,360,D-24,싱가포르IT지원센터 2026년 하반기 입주기업 모집 공고,해외IT지원센터(싱가포르) 운영,김수련,https://www.nipa.kr/home/2-2/16861
2026-07-21,NIA,N,N,,입찰(용역)공고,2026.07.21,,,29720,신규,[입찰공고] 5G-A 테스트베드 고도화를 위한 과제 세부기획 [첨부파일],재무관리팀,배보배,https://www.nia.or.kr/site/nia_kor/ex/bbs/View.do?cbIdx=78336&bcIdx=29720&parentSeq=29720
2026-07-21,NIA,Y,N,"AI, 데이터",입찰(용역)공고,2026.07.21,,,29719,신규,[조달입찰공고] 재난안전 AI 데이터 구축 위탁감리 [첨부파일],재무관리팀,권남희,https://www.nia.or.kr/site/nia_kor/ex/bbs/View.do?cbIdx=78336&bcIdx=29719&parentSeq=29719
2026-07-21,NIA,Y,N,AI,기타,2026-07-21,2026-07-27,마감,29698,신규,[사전규격공개] AI·디지털 사회 대국민 인식조사 [첨부파일],디지털포용기획팀,최문현,https://www.nia.or.kr/site/nia_kor/ex/bbs/View.do?cbIdx=78336&bcIdx=29698&parentSeq=29698
2026-07-21,NIA,Y,N,AI,입찰(용역)공고,2026-07-21,2026-07-23,마감,29697,신규,[사전규격공개] 국민 참여형 AI 민주정부 플랫폼 운영체계 연구용역 [첨부파일],AI정부기획팀,김송민,https://www.nia.or.kr/site/nia_kor/ex/bbs/View.do?cbIdx=78336&bcIdx=29697&parentSeq=29697
2026-07-21,KISA,Y,N,AI,기타,2026-07-21,,,1885,,중소기업 사이버 시큐리티 훈련(AI모의침투) 서비스 제공,,,https://www.kisa.or.kr/403/form?postSeq=10784&page=2
2026-07-20,KISA,N,Y,시험,기타,2026-07-20,,,1879,,양자내성암호 시범전환 사업 공인시험 위탁,,,https://www.kisa.or.kr/403/form?postSeq=10778&page=2
2026-07-20,NIA,Y,N,"AI, 데이터",입찰(용역)공고,2026-08-04,2026-08-06,D-9,29688,신규,[조달입찰공고] 세르비아 지방자치단체 오픈데이터 포털 등록을 위한 PoC 수행 및 AI기반 재난안전 데이터 분석방안 [첨부파일],재무관리팀,권남희,https://www.nia.or.kr/site/nia_kor/ex/bbs/View.do?cbIdx=78336&bcIdx=29688&parentSeq=29688
2026-07-20,KISA,N,N,,입찰(용역)공고,2026-07-20,2026-07-24,마감,1884,,[사전규격공개] 한·중 개인정보보호 협력포럼 및 세미나 개최 운영 용역,,,https://www.kisa.or.kr/403/form?postSeq=10783&page=2
2026-07-20,KISA,N,Y,품질,입찰(용역)공고,2026-07-20,,,1883,,2026년 블록체인 혁신선도 프로젝트 지원사업 품질관리 용역,,,https://www.kisa.or.kr/403/form?postSeq=10782&page=2
2026-07-20,KISA,Y,N,데이터,기타,2026-07-20,,,1882,,글로벌 가상 얼굴인식 합성데이터 제작,,,https://www.kisa.or.kr/403/form?postSeq=10781&page=2
2026-07-20,KISA,N,Y,보안,R&D지원사업,2026-07-20,,,1881,,공급망 보안 모델 구축 지원사업 회계감사,,,https://www.kisa.or.kr/403/form?postSeq=10780&page=2
2026-07-20,KISA,N,N,,기타,2026-07-20,,,1880,,양자내성암호 전환 경진대회·해커톤 기획 및 운영,,,https://www.kisa.or.kr/403/form?postSeq=10779&page=2
2026-07-20,KISA,N,Y,시험,기타,2026-07-20,,,1879,,양자내성암호 시범전환 사업 공인시험 위탁,,,https://www.kisa.or.kr/403/form?postSeq=10778&page=3
2026-07-16,KISA,N,N,,기타,2026-07-16,,,1878,,[사전규격공개] 2026 글로벌 정보보호 시장 심층 조사,,,https://www.kisa.or.kr/403/form?postSeq=10777&page=2
2026-07-16,NIA,N,N,,입찰(용역)공고,2026.07.16,,,29686,,[입찰공고] 디지털정부 전시체험관 키오스크 배리어프리 전환 [첨부파일],재무관리팀,배보배,https://www.nia.or.kr/site/nia_kor/ex/bbs/View.do?cbIdx=78336&bcIdx=29686&parentSeq=29686
2026-07-16,NIA,N,N,,입찰(용역)공고,2026-08-07,2026-08-11,D-14,29685,,[조달입찰공고] 백업센터 2·3전 기반환경 구축 전기공사 실시설계용역 [첨부파일],재무관리팀,배보배,https://www.nia.or.kr/site/nia_kor/ex/bbs/View.do?cbIdx=78336&bcIdx=29685&parentSeq=29685
2026-07-16,NIA,N,N,,입찰(용역)공고,2026.07.16,,,29684,,[조달입찰공고] 2026년 디지털서비스 개방 API 개발 지원사업 위탁감리 [첨부파일],재무관리팀,정하윤,https://www.nia.or.kr/site/nia_kor/ex/bbs/View.do?cbIdx=78336&bcIdx=29684&parentSeq=29684
2026-07-16,NIA,N,Y,평가,입찰(용역)공고,2026.07.16,,,29677,,[입찰공고_재공고] 26년 클라우드 네이티브 전환 사업(행정안전부 자치단체통합인터넷원서접수시스템) 개인정보영향평가 [첨부파일],재무관리팀,정하윤,https://www.nia.or.kr/site/nia_kor/ex/bbs/View.do?cbIdx=78336&bcIdx=29677&parentSeq=29677
2026-07-16,KISA,N,N,,기타,2026-07-16,,,1878,,[사전규격공개] 2026 글로벌 정보보호 시장 심층 조사,,,https://www.kisa.or.kr/403/form?postSeq=10777&page=3
2026-07-15,NIA,Y,N,AI,입찰(용역)공고,2026.07.15,,,29676,,[조달입찰공고] AIEP 메일 계정 및 빅테크 교육 플랫폼 연동 운영 [첨부파일],재무관리팀,이용진,https://www.nia.or.kr/site/nia_kor/ex/bbs/View.do?cbIdx=78336&bcIdx=29676&parentSeq=29676
2026-07-15,KIAT,Y,N,"AI, 데이터",입찰(용역)공고,2026-07-15,2026-07-28,D-day,4025,접수중,(입찰공고) AI 데이터센터 소부장 사업화 지원 기획 연구,,,https://www.kiat.or.kr/front/board/boardContentsView.do?board_id=77&contents_id=ed76800f91744b358d7b020cf1e6f1f2&MenuId=1e29209309434ec29095728c6f1356c7
2026-07-15,KIAT,Y,N,AI,입찰(용역)공고,2026-07-15,2026-07-28,D-day,4024,접수중,"(입찰공고) 디지털 전환 선도를 위한 M.AX, AIDC 분야 혁신인재 양성방안",,,https://www.kiat.or.kr/front/board/boardContentsView.do?board_id=77&contents_id=3674348fdb2a412d9a0febac45316418&MenuId=1e29209309434ec29095728c6f1356c7
2026-07-15,KISA,N,N,,기타,2026-07-15,2026-07-21,마감,1877,,[사전규격공개] 2026년 정보보호전문인력양성 민간위탁사업비 회계 정산 위탁,,,https://www.kisa.or.kr/403/form?postSeq=10776&page=3
2026-07-15,KISA,N,N,,기타,2026-07-15,2026-07-21,마감,1876,,[사전규격공개] 개인정보 노출 및 불법유통 분석·대응체계 강화를 위한 기능개선,,,https://www.kisa.or.kr/403/form?postSeq=10775&page=3
2026-07-15,KISA,N,N,,입찰(용역)공고,2026-07-15,2026-07-21,마감,1875,,[사전규격공개] 2026년 블록체인 혁신선도 프로젝트 지원사업 IT감리 용역,,,https://www.kisa.or.kr/403/form?postSeq=10774&page=3
2026-07-15,KISA,Y,N,AI,R&D지원사업,2026-07-15,,,1874,,(자격확대 재공고)AI 실전형 사이버 훈련장 고도화 요구사항 시스템 설계,,,https://www.kisa.or.kr/403/form?postSeq=10773&page=3
2026-07-15,KISA,N,N,,R&D지원사업,2026-07-15,,,1873,,(재공고) 스미싱확인서비스 클라우드 이전 및 이중화,,,https://www.kisa.or.kr/403/form?postSeq=10772&page=3
2026-07-15,KISA,N,Y,"검증, 표준, 보안",기타,2026-07-15,,,1872,,화학공장 물리보안 위협 정보 연동 표준기술 환경 조성 및 연동성 검증,,,https://www.kisa.or.kr/403/form?postSeq=10771&page=3
2026-07-15,KISA,N,N,,기타,2026-07-15,2026-07-21,마감,1871,,[사전규격공개] 블록체인 최정예 인재양성 방안 연구,,,https://www.kisa.or.kr/403/form?postSeq=10770&page=3
2026-07-15,KISA,N,N,,R&D지원사업,2026-07-15,,,1870,,중요 권한DNS 모니터링 시스템 개선 및 서비스 지원,,,https://www.kisa.or.kr/403/form?postSeq=10769&page=3
2026-07-14,KISA,N,N,,기타,2026-07-14,,,1868,,26년 피싱사이트 분석 및 앱 자동 수집 솔루션 라이선스 갱신,,,https://www.kisa.or.kr/403/form?postSeq=10767&page=3
2026-07-14,KISA,Y,N,AI,기타,2026-07-14,,,1869,,[사전규격공개] 중소기업 사이버 시큐리티 훈련(AI모의침투) 서비스 제공(참가자격일부 수정),,,https://www.kisa.or.kr/403/form?postSeq=10768&page=3
2026-07-14,NIA,N,N,,입찰(용역)공고,2026.07.14,,,29665,,[조달입찰공고] (긴급) 2026년 스쿨넷서비스 기술지원 [첨부파일],재무관리팀,배보배,https://www.nia.or.kr/site/nia_kor/ex/bbs/View.do?cbIdx=78336&bcIdx=29665&parentSeq=29665
2026-07-14,KIAT,N,N,,입찰(용역)공고,2026-07-14,2026-07-28,D-day,4023,접수중,"(입찰공고) 2026 공학페스티벌 기획, 운영 및 홍보 수행",,,https://www.kiat.or.kr/front/board/boardContentsView.do?board_id=77&contents_id=7990ed3aec37415b8638a41e102a85bd&MenuId=1e29209309434ec29095728c6f1356c7
2026-07-13,NIPA,Y,N,AI,R&D지원사업,2026-07-13,,,359,D-14,전 국민 AI 서비스 보편적 활용 지원(모두의 AI) 사업 공고,전 국민 AI 서비스 보편적 활용 지원(모두의 AI) 사업,송근호,https://www.nipa.kr/home/2-2/16852
2026-07-13,KIAT,N,N,,입찰(용역)공고,2026-07-13,2026-07-24,마감,4022,접수마감,(입찰공고) 산업기술개발장비 성과분석,,,https://www.kiat.or.kr/front/board/boardContentsView.do?board_id=77&contents_id=c738dda012b74774b4039c519ae8e584&MenuId=1e29209309434ec29095728c6f1356c7
2026-07-13,KIAT,N,N,,입찰(용역)공고,2026-07-13,2026-07-24,마감,4021,접수마감,(입찰공고) 산업기술 R&D 정책 성과관리 및 환류체계 구축방안 정책연구,,,https://www.kiat.or.kr/front/board/boardContentsView.do?board_id=77&contents_id=a0585a4b01bc4602b2102632ba8f7c3e&MenuId=1e29209309434ec29095728c6f1356c7
2026-07-10,SMTECH,N,N,,R&D지원사업,2026-07-10,,,2,접수중,2026년도 하반기 중소벤처기업부 혁신제품 신규지정 공고,중소벤처기업부 혁신제품 지정사업,SMTECH,https://www.smtech.go.kr/front/ifg/no/notice02_detail.do?buclYy=&ancmId=S02874&buclCd=S9111&dtlAncmSn=1&schdSe=MO5005&aplySn=1&searchCondition=&searchKeyword=
2026-07-10,과학치안진흥센터,N,N,,기타,2026-07-10,,,022997,접수중,2026년도 미래치안 도전기술 개발(융합탐색) 신규과제 공모,다부처 / 지정공모,,https://www.iris.go.kr/contents/retrieveBsnsAncmView.do?ancmId=022997
2026-07-10,한국연구재단,N,N,,R&D지원사업,2026-07-10,,,022857,접수중,2027년 제18차 일본 HOPE Meeting 참가자 모집 공모,과학기술정보통신부 / 자유공모,,https://www.iris.go.kr/contents/retrieveBsnsAncmView.do?ancmId=022857
2026-07-10,한국연구재단,N,Y,실증,기타,2026-07-10,,,022717,접수중,2026년도 3차 국민생활안전 긴급대응연구(2단계) 기술개발 및 실증 신규과제 공모,과학기술정보통신부 / 품목지정공모,,https://www.iris.go.kr/contents/retrieveBsnsAncmView.do?ancmId=022717
2026-07-10,중소기업기술정보진흥원,N,N,,R&D지원사업,2026-07-10,,,019508,접수중,2026년도 투·융자 연계 기술개발사업 지원계획 수정 공고(딥테크 챌린지 프로젝트_기술도전형),중소벤처기업부 / 지정공모,,https://www.iris.go.kr/contents/retrieveBsnsAncmView.do?ancmId=019508
2026-07-08,한국연구재단,N,N,,R&D지원사업,2026-07-08,,,023018,접수중,2026년도 국제공동연구 신속지원사업(미국 제네시스 미션과의 협력을 위한 탐색연구) 신규과제 공모,과학기술정보통신부 / 자유공모,,https://www.iris.go.kr/contents/retrieveBsnsAncmView.do?ancmId=023018
2026-07-07,NIPA,N,N,,포상·시상,2026-07-07,,,358,종료,2026년도 소프트웨어 산업발전 유공자 포상계획 공고,중소SW기업경쟁력강화,이호연,https://www.nipa.kr/home/2-2/16846
2026-07-07,KIAT,N,N,,입찰(용역)공고,2026-07-07,2026-07-21,마감,4020,접수마감,(입찰공고) 2026년도 섬유패션산업활성화기반마련사업 성과분석 용역,,,https://www.kiat.or.kr/front/board/boardContentsView.do?board_id=77&contents_id=b612b85f543b4312a889064e81ef5710&MenuId=1e29209309434ec29095728c6f1356c7
2026-07-07,KIAT,Y,N,AI,입찰(용역)공고,2026-07-07,2026-07-21,마감,4019,접수마감,(입찰공고) AI 시대 근로환경 변화에 따른 대응방향 연구,,,https://www.kiat.or.kr/front/board/boardContentsView.do?board_id=77&contents_id=56d4e56925b84a6faca6b445ed6d1064&MenuId=1e29209309434ec29095728c6f1356c7
2026-07-07,KIAT,N,N,,입찰(용역)공고,2026-07-07,2026-07-21,마감,4018,접수마감,(입찰공고) 2026년도 산업기술국제협력사업 홍보 지원 용역,,,https://www.kiat.or.kr/front/board/boardContentsView.do?board_id=77&contents_id=42f56f4cd6b44ce88fc85c7e411860e6&MenuId=1e29209309434ec29095728c6f1356c7
2026-07-07,SMTECH,N,N,,R&D지원사업,2026-07-07,,,7,접수중,2026년 테크노파크 생산장비 고도화 제2차 지원계획 선정기관 과제접수 공고,산업기술단지거점기능강화,SMTECH,https://www.smtech.go.kr/front/ifg/no/notice02_detail.do?buclYy=&ancmId=S02866&buclCd=S8012&dtlAncmSn=1&schdSe=MO5005&aplySn=2&searchCondition=&searchKeyword=
2026-07-06,SMTECH,N,N,,R&D지원사업,2026-07-06,,,3,접수중,2026년도 제1차 한국무역보험공사 연계 수출지원프로그램 시행계획 안내,수출지원프로그램,SMTECH,https://www.smtech.go.kr/front/ifg/no/notice02_detail.do?buclYy=&ancmId=S02873&buclCd=S9121&dtlAncmSn=1&schdSe=MO5005&aplySn=1&searchCondition=&searchKeyword=
2026-07-03,정보통신기획평가원,Y,N,인공지능,R&D지원사업,2026-07-03,,,022757,접수중,2026년도 인공지능혁신인재양성 2차 사업 공고,과학기술정보통신부 / 자유공모,,https://www.iris.go.kr/contents/retrieveBsnsAncmView.do?ancmId=022757
2026-06-30,KIAT,N,N,,입찰(용역)공고,2026-06-30,2026-07-14,마감,4017,접수마감,(입찰재공고) 첨단산업 인재혁신 촉진제도 홍보 용역,,,https://www.kiat.or.kr/front/board/boardContentsView.do?board_id=77&contents_id=b7e92346f0074e688dfee88bb3be62d2&MenuId=1e29209309434ec29095728c6f1356c7
2026-06-30,SMTECH,N,N,,R&D지원사업,2026-06-30,,,1,접수중,2026년도 중소기업 R&D 우수성과 50선 모집 공고,중소기업 R&D 우수성과 사례발굴,SMTECH,https://www.smtech.go.kr/front/ifg/no/notice02_detail.do?buclYy=&ancmId=S02871&buclCd=S9161&dtlAncmSn=1&schdSe=MO5005&aplySn=1&searchCondition=&searchKeyword=
2026-06-30,SMTECH,N,Y,규격,R&D지원사업,2026-06-30,,,13,접수완료,2026년도 중소벤처기업부 혁신제품 2차 규격추가 모집 안내문,중소벤처기업부 혁신제품 지정사업,SMTECH,https://www.smtech.go.kr/front/ifg/no/notice02_detail.do?buclYy=&ancmId=S02872&buclCd=S9111&dtlAncmSn=1&schdSe=MO5005&aplySn=1&searchCondition=&searchKeyword=
2026-06-30,SMTECH,N,N,,R&D지원사업,2026-06-30,,,15,접수완료,2026년도 중소기업 수출 핵심품목 탄소감축 기술개발사업 하반기 시행계획 추가 공고,중소기업수출핵심품목탄소감축기술개발사업(R&D),IRIS,https://www.smtech.go.kr/front/ifg/no/notice02_list.do
2026-06-30,한국연구재단,N,N,,R&D지원사업,2026-06-30,,,022737,접수중,2026년 휴먼프론티어과학프로그램(HFSP) 협력사업(사전지원) 신규과제 공고,과학기술정보통신부 / 자유공모,,https://www.iris.go.kr/contents/retrieveBsnsAncmView.do?ancmId=022737
2026-06-29,KIAT,N,Y,평가,입찰(용역)공고,2026-06-29,2026-07-10,마감,4016,접수마감,(입찰재공고) 2026년 에너지산업협력개발지원(ODA) 자체평가,,,https://www.kiat.or.kr/front/board/boardContentsView.do?board_id=77&contents_id=e19d5c368cc54dec9a785d53b7f1cd91&MenuId=1e29209309434ec29095728c6f1356c7
2026-06-26,SMTECH,N,N,,R&D지원사업,2026-06-26,,,4,접수중,2026년도 제2차 중소벤처기업부 혁신제품 지정기간 연장(2차) 공고,중소벤처기업부 혁신제품 지정 연장사업,SMTECH,https://www.smtech.go.kr/front/ifg/no/notice02_detail.do?buclYy=&ancmId=S02870&buclCd=S9112&dtlAncmSn=1&schdSe=MO5005&aplySn=1&searchCondition=&searchKeyword=
2026-06-26,SMTECH,N,N,,R&D지원사업,2026-06-26,,,6,접수중,2026년도 제3차 중소벤처기업부 혁신제품 지정기간 연장(1차) 공고,중소벤처기업부 혁신제품 지정 연장사업,SMTECH,https://www.smtech.go.kr/front/ifg/no/notice02_detail.do?buclYy=&ancmId=S02869&buclCd=S9112&dtlAncmSn=1&schdSe=MO5005&aplySn=1&searchCondition=&searchKeyword=
2026-06-24,SMTECH,N,N,,R&D지원사업,2026-06-24,,,14,접수완료,TIPA ValueUP 프로그램 19기 참여기업 모집 공고,TIPA ValueUP 프로그램,SMTECH,https://www.smtech.go.kr/front/ifg/no/notice02_detail.do?buclYy=&ancmId=S02868&buclCd=S9141&dtlAncmSn=1&schdSe=MO5005&aplySn=1&searchCondition=&searchKeyword=
2026-06-23,NIPA,N,N,,R&D지원사업,2026-06-23,,,357,종료,2026년도 SaaS 전환 컨설팅 2차 수요기업 모집,SaaS 기반 창업성장 지원(SaaS 전환지원센터 운영),조현주,https://www.nipa.kr/home/2-2/16827
2026-06-23,KIAT,Y,N,인공지능,입찰(용역)공고,2026-06-23,2026-07-07,마감,4015,접수마감,(입찰공고) 2026 인공지능 분야 부트캠프 라운드업 운영 용역,,,https://www.kiat.or.kr/front/board/boardContentsView.do?board_id=77&contents_id=7431a21d9c7d4461a829ab1589cf9d2b&MenuId=1e29209309434ec29095728c6f1356c7
2026-06-18,NIPA,N,N,,R&D지원사업,2026-06-18,,,356,종료,하노이 IT지원센터‘26년 하반기 연간 입주기업 모집 공고,해외IT지원센터(하노이) 운영,이지수,https://www.nipa.kr/home/2-2/16820
2026-06-16,NIPA,N,N,,R&D지원사업,2026-06-16,,,355,종료,2026년도 고용노동부(안전보건공단) 연계  스마트 안전장비지원 품목 등록 시행계획 공고(1차),디지털 안전 선도모델 개발,한상진,https://www.nipa.kr/home/2-2/16817
2026-06-16,KIAT,N,N,,입찰(용역)공고,2026-06-16,2026-06-30,마감,4014,접수마감,(입찰공고) 2026 중견기업 혁신 컨퍼런스 행사 기획 및 운영 용역,,,https://www.kiat.or.kr/front/board/boardContentsView.do?board_id=77&contents_id=27dab7c2fe294fb2af92a3451d3f1793&MenuId=1e29209309434ec29095728c6f1356c7
2026-06-15,NIPA,N,N,,R&D지원사업,2026-06-15,,,354,종료,2026년 오픈소스 개발자 대회 공고,공개SW활성화지원,유기현,https://www.nipa.kr/home/2-2/16815
2026-06-15,KEIT,Y,N,AI,R&D지원사업,2026-06-15,2026-07-14,마감,I22474,종료,2026년도 제3차 조선해양산업기술개발사업(AI완전자율운항선박기술개발) 신규지원 대상과제 공고,IRIS 공고,,https://srome.keit.re.kr/srome/biz/perform/opnnPrpsl/retrieveTaskAnncmView.do?prgmId=XPG201040000&ancmId=I22474&ancmYy=2026
2026-06-15,KIAT,N,N,,입찰(용역)공고,2026-06-15,2026-06-30,마감,4013,접수마감,(입찰공고) 산업기술기반구축 관리 및 활용도 제고 방안 연구용역,,,https://www.kiat.or.kr/front/board/boardContentsView.do?board_id=77&contents_id=555a5fccf55e41ec85ac3577d1f702f8&MenuId=1e29209309434ec29095728c6f1356c7
2026-06-15,KIAT,N,N,,입찰(용역)공고,2026-06-15,2026-06-30,마감,4012,접수마감,(입찰공고) 첨단산업 인재혁신 촉진제도 홍보 용역,,,https://www.kiat.or.kr/front/board/boardContentsView.do?board_id=77&contents_id=02f5942707d74359bdea8c9ee1ae1cb6&MenuId=1e29209309434ec29095728c6f1356c7
2026-06-15,KIAT,N,Y,평가,입찰(용역)공고,2026-06-15,2026-06-26,마감,4011,접수마감,(입찰공고) 2026년 에너지산업협력개발지원(ODA) 자체평가,,,https://www.kiat.or.kr/front/board/boardContentsView.do?board_id=77&contents_id=4936bba135d445b69f9e5d7f5f910f00&MenuId=1e29209309434ec29095728c6f1356c7
2026-06-12,KEIT,N,Y,표준,R&D지원사업,2026-06-19,2026-07-13,마감,I22395,종료,2026년도 제2차 국가표준기술력향상사업 신규지원 대상과제 공고,IRIS 공고,,https://srome.keit.re.kr/srome/biz/perform/opnnPrpsl/retrieveTaskAnncmView.do?prgmId=XPG201040000&ancmId=I22395&ancmYy=2026
2026-06-12,KEIT,N,N,,R&D지원사업,2026-06-12,2026-07-13,마감,I22434,종료,2026년도 제2차 조선해양산업기술개발사업 신규지원 대상과제 공고,IRIS 공고,,https://srome.keit.re.kr/srome/biz/perform/opnnPrpsl/retrieveTaskAnncmView.do?prgmId=XPG201040000&ancmId=I22434&ancmYy=2026
2026-06-11,KEIT,Y,N,AI,R&D지원사업,2026-06-18,2026-07-10,마감,I22194,종료,2026년도 K-온디바이스 AI반도체 기술개발사업 신규 지원대상 연구개발과제 공고,IRIS 공고,,https://srome.keit.re.kr/srome/biz/perform/opnnPrpsl/retrieveTaskAnncmView.do?prgmId=XPG201040000&ancmId=I22194&ancmYy=2026
2026-06-10,KIAT,N,N,,입찰(용역)공고,2026-06-10,2026-06-23,마감,4010,접수마감,(입찰공고) 소재부품기술기반혁신사업 오케이소부장 홍보 운영 지원 용역,,,https://www.kiat.or.kr/front/board/boardContentsView.do?board_id=77&contents_id=626aea85683140bbabf96de2e5787c73&MenuId=1e29209309434ec29095728c6f1356c7
2026-06-10,KIAT,N,N,,입찰(용역)공고,2026-06-10,2026-06-23,마감,4009,접수마감,(입찰재공고) 2026년도 에너지 ODA 전기안전 이행점검 및 인정제 용역,,,https://www.kiat.or.kr/front/board/boardContentsView.do?board_id=77&contents_id=79eb33b47fed4188b5f65adcc6e4dbb8&MenuId=1e29209309434ec29095728c6f1356c7
2026-06-09,KEIT,N,N,,R&D지원사업,2026-06-05,2026-06-29,마감,I21937,종료,2026년도 자동차산업기술개발 2차 신규지원 대상과제 공고,IRIS 공고,,https://srome.keit.re.kr/srome/biz/perform/opnnPrpsl/retrieveTaskAnncmView.do?prgmId=XPG201040000&ancmId=I21937&ancmYy=2026
2026-06-08,KEIT,N,N,,R&D지원사업,2026-06-08,2026-06-29,마감,I21975,종료,2026년도 제2차 바이오헬스분야 연구개발사업 신규지원 대상과제 통합 공고,IRIS 공고,,https://srome.keit.re.kr/srome/biz/perform/opnnPrpsl/retrieveTaskAnncmView.do?prgmId=XPG201040000&ancmId=I21975&ancmYy=2026
2026-06-02,KIAT,N,N,,입찰(용역)공고,2026-06-02,2026-06-16,마감,4008,접수마감,(입찰공고) 대한민국 반도체 산업의 진단 및 중장기 경쟁력 확보방안 연구,,,https://www.kiat.or.kr/front/board/boardContentsView.do?board_id=77&contents_id=580f8a0eb2c3466287076094bddf0e22&MenuId=1e29209309434ec29095728c6f1356c7
2026-06-01,KEIT,N,N,,R&D지원사업,2026-05-29,2026-06-29,마감,I22056,종료,2026년도 지식서비스산업기술개발사업(서비스핵심기술개발) 신규지원 대상과제 공고,,,https://srome.keit.re.kr/srome/biz/perform/opnnPrpsl/retrieveTaskAnncmView.do?prgmId=XPG201040000&ancmId=I22056&ancmYy=2026
2026-06-01,KEIT,N,N,,R&D지원사업,2026-05-29,2026-06-29,마감,I22075,종료,2026년도 첨단산업용시스템엔지니어링설계모델링기술개발사업 신규지원 대상과제 공고,IRIS 공고,,https://srome.keit.re.kr/srome/biz/perform/opnnPrpsl/retrieveTaskAnncmView.do?prgmId=XPG201040000&ancmId=I22075&ancmYy=2026
2026-06-01,KEIT,N,N,,R&D지원사업,2026-05-29,2026-06-29,마감,I22076,종료,2026년도 지식서비스산업기술개발사업(서비스산업융합고도화) 신규지원 대상과제 공고,,,https://srome.keit.re.kr/srome/biz/perform/opnnPrpsl/retrieveTaskAnncmView.do?prgmId=XPG201040000&ancmId=I22076&ancmYy=2026
2026-05-29,NIPA,N,N,,R&D지원사업,2026-05-29,,,353,종료,2026년도 과학기술정보통신부「고성능컴퓨팅지원」사업 사용자 추가모집 공고,고성능컴퓨팅지원,신동필,https://www.nipa.kr/home/2-2/16797
2026-05-29,KEIT,N,Y,실증,R&D지원사업,2026-05-29,2026-06-30,마감,I21894,종료,2026년도 제2차 제품안전관리기술개발및실증사업 신규지원 대상과제 공고,IRIS 공고,,https://srome.keit.re.kr/srome/biz/perform/opnnPrpsl/retrieveTaskAnncmView.do?prgmId=XPG201040000&ancmId=I21894&ancmYy=2026
2026-05-29,KIAT,N,N,,입찰(용역)공고,2026-05-29,2026-07-09,마감,4007,접수마감,(입찰공고) 2026년 대한민국 지방시대 엑스포 행사대행 용역,,,https://www.kiat.or.kr/front/board/boardContentsView.do?board_id=77&contents_id=445a86f656b24fceb1e130262bb36817&MenuId=1e29209309434ec29095728c6f1356c7
2026-05-28,NIPA,N,N,,R&D지원사업,2026-05-28,,,352,종료,｢2026년도 AX 원스톱 바우처｣ 지원사업 수요기업 추가 모집 공고,AX 원스톱 바우처 지원,한복미,https://www.nipa.kr/home/2-2/16795
2026-05-28,KIAT,N,N,,입찰(용역)공고,2026-05-28,2026-06-11,마감,4006,접수마감,(입찰공고) 2026년도 글로벌 산업기술정책 동향조사분석,,,https://www.kiat.or.kr/front/board/boardContentsView.do?board_id=77&contents_id=301074497fa745419eab663710c5a017&MenuId=1e29209309434ec29095728c6f1356c7
2026-05-28,KIAT,N,N,,입찰(용역)공고,2026-05-28,2026-06-11,마감,4005,접수마감,(입찰공고) 탄소중립 이행 지역 지원프로그램 기획,,,https://www.kiat.or.kr/front/board/boardContentsView.do?board_id=77&contents_id=e05448fd3af34c03b91f3bc4514fd272&MenuId=1e29209309434ec29095728c6f1356c7
2026-05-28,KIAT,N,N,,입찰(용역)공고,2026-05-28,2026-06-11,마감,4004,접수마감,(입찰재공고) 2026년 기술나눔 설명회 및 체결식 운영 지원,,,https://www.kiat.or.kr/front/board/boardContentsView.do?board_id=77&contents_id=0893a8eab9404b65bfebb22c1016d3ed&MenuId=1e29209309434ec29095728c6f1356c7
2026-05-27,KEIT,N,N,,기타,2026-05-29,2026-06-26,마감,I21895,종료,2026년도 재난안전 중점기술 로드맵 연계형 기술개발사업  신규과제 공모,IRIS 공고,,https://srome.keit.re.kr/srome/biz/perform/opnnPrpsl/retrieveTaskAnncmView.do?prgmId=XPG201040000&ancmId=I21895&ancmYy=2026
2026-05-27,KEIT,Y,N,로봇,R&D지원사업,2026-06-08,2026-06-25,마감,I21938,종료,2026년도 로봇산업기술개발사업 신규지원 대상과제 공고,IRIS 공고,,https://srome.keit.re.kr/srome/biz/perform/opnnPrpsl/retrieveTaskAnncmView.do?prgmId=XPG201040000&ancmId=I21938&ancmYy=2026
2026-05-27,KEIT,Y,N,"AI, 피지컬AI, 로봇",R&D지원사업,2026-06-08,2026-06-25,마감,I21939,종료,2026년도 K-로봇피지컬AI생태계조성사업 신규지원 대상과제 공고,IRIS 공고,,https://srome.keit.re.kr/srome/biz/perform/opnnPrpsl/retrieveTaskAnncmView.do?prgmId=XPG201040000&ancmId=I21939&ancmYy=2026
2026-05-27,KIAT,N,N,,입찰(용역)공고,2026-05-27,2026-06-08,마감,4003,접수마감,(입찰공고) 2026년도 에너지 ODA 전기안전 이행점검 및 인정제 용역,,,https://www.kiat.or.kr/front/board/boardContentsView.do?board_id=77&contents_id=54875fb539da4dae9a91c358f321115b&MenuId=1e29209309434ec29095728c6f1356c7
2026-05-27,KIAT,N,N,,입찰(용역)공고,2026-05-27,2026-06-11,마감,4002,접수마감,"(입찰공고) 2026년 산학 프로젝트 챌린지 기획, 운영 및 홍보",,,https://www.kiat.or.kr/front/board/boardContentsView.do?board_id=77&contents_id=d6c0e327f51d4e6baf89dc851fa5195e&MenuId=1e29209309434ec29095728c6f1356c7
2026-05-27,KIAT,N,N,,입찰(용역)공고,2026-05-27,2026-06-11,마감,4001,접수마감,(입찰공고) 2026년 연구장비시설 활용촉진 및 홍보,,,https://www.kiat.or.kr/front/board/boardContentsView.do?board_id=77&contents_id=03f0d8aa37314a509f06ea3c4a37554b&MenuId=1e29209309434ec29095728c6f1356c7
2026-05-26,KEIT,N,N,,R&D지원사업,2026-06-02,2026-06-26,마감,I21796,종료,2026년도 민군융합핵심소재자립화기술개발사업 신규지원 대상과제 공고,IRIS 공고,,https://srome.keit.re.kr/srome/biz/perform/opnnPrpsl/retrieveTaskAnncmView.do?prgmId=XPG201040000&ancmId=I21796&ancmYy=2026
2026-05-22,KEIT,N,N,,R&D지원사업,2026-05-22,2026-06-22,마감,I21878,종료,2026년도 첨단소재공정고도화 및 기술역량확보기술개발사업 신규지원 대상과제 공고,IRIS 공고,,https://srome.keit.re.kr/srome/biz/perform/opnnPrpsl/retrieveTaskAnncmView.do?prgmId=XPG201040000&ancmId=I21878&ancmYy=2026
2026-05-22,KEIT,N,N,,R&D지원사업,2026-05-22,2026-06-22,마감,I21655,종료,2026년도 제2차 산업기술R&D연구기획사업 신규지원 대상과제 공고,IRIS 공고,,https://srome.keit.re.kr/srome/biz/perform/opnnPrpsl/retrieveTaskAnncmView.do?prgmId=XPG201040000&ancmId=I21655&ancmYy=2026
2026-05-22,KIAT,N,N,,입찰(용역)공고,2026-06-09,2026-06-11,마감,4000,접수마감,(조달청 입찰공고) 첨단산업 인재혁신센터 홈페이지 구축 용역,,,https://www.kiat.or.kr/front/board/boardContentsView.do?board_id=77&contents_id=7dc4887b7ef84a7b92e8169776b4b0c2&MenuId=1e29209309434ec29095728c6f1356c7
2026-05-22,KIAT,N,N,,입찰(용역)공고,2026-05-22,2026-06-04,마감,3999,접수마감,(입찰재공고) 2027 유망산업 발굴 및 지원전략 도출 연구,,,https://www.kiat.or.kr/front/board/boardContentsView.do?board_id=77&contents_id=088ac0dfee4a49c6abff08b0d3a90376&MenuId=1e29209309434ec29095728c6f1356c7
2026-05-22,KIAT,N,N,,입찰(용역)공고,2026-05-22,2026-06-04,마감,3998,접수마감,(입찰재공고) 2027년 산업기술 환경예측을 위한 조사분석,,,https://www.kiat.or.kr/front/board/boardContentsView.do?board_id=77&contents_id=c52ca80898e94b429b195e9a7674db34&MenuId=1e29209309434ec29095728c6f1356c7
2026-05-21,KIAT,N,N,,입찰(용역)공고,2026-05-21,2026-06-04,마감,3997,접수마감,(입찰재공고) 2026년도 산업기술인력 수급실태조사,,,https://www.kiat.or.kr/front/board/boardContentsView.do?board_id=77&contents_id=f124b7e57fd644f28def5ae84d86109c&MenuId=1e29209309434ec29095728c6f1356c7
2026-05-18,NIPA,N,N,,R&D지원사업,2026-05-18,,,351,종료,"호치민IT지원센터 2026년 7월 입주기업 모집 계획(3인실, 2실 모집)",해외IT지원센터(호치민) 운영,이로운,https://www.nipa.kr/home/2-2/16774
2026-05-14,KIAT,N,N,,입찰(용역)공고,2026-05-14,2026-05-27,마감,3996,접수마감,(입찰공고) 배터리산업 경쟁력 강화 방안 연구,,,https://www.kiat.or.kr/front/board/boardContentsView.do?board_id=77&contents_id=ca63f09cab7f48aabb935ef4c1fed7d9&MenuId=1e29209309434ec29095728c6f1356c7
2026-05-14,KIAT,N,N,,입찰(용역)공고,2026-05-14,2026-05-27,마감,3995,접수마감,(입찰재공고) 2026년도 신산업 첨단산업 인력 실태조사,,,https://www.kiat.or.kr/front/board/boardContentsView.do?board_id=77&contents_id=95546052f46943f781bb1166729ee9df&MenuId=1e29209309434ec29095728c6f1356c7
2026-05-13,KIAT,N,N,,입찰(용역)공고,2026-05-13,2026-05-27,마감,3994,접수마감,(입찰공고) 2026년도 한미 첨단분야 청년교류 지원사업 성과조사,,,https://www.kiat.or.kr/front/board/boardContentsView.do?board_id=77&contents_id=2584b1781728465199c4107f549a225e&MenuId=1e29209309434ec29095728c6f1356c7
2026-05-13,KIAT,N,N,,입찰(용역)공고,2026-05-13,2026-05-27,마감,3993,접수마감,(입찰공고) 2026년 기술나눔 설명회 및 체결식 운영 지원,,,https://www.kiat.or.kr/front/board/boardContentsView.do?board_id=77&contents_id=1a88344497964ccc93825de5ebc957c4&MenuId=1e29209309434ec29095728c6f1356c7
2026-05-12,KEIT,N,N,,R&D지원사업,2026-05-12,2026-05-26,마감,I21574,종료,2026년도 뿌리산업 혁신공정장비 개발사업 신규지원 대상과제 공고 (3차),IRIS 공고,,https://srome.keit.re.kr/srome/biz/perform/opnnPrpsl/retrieveTaskAnncmView.do?prgmId=XPG201040000&ancmId=I21574&ancmYy=2026
2026-05-12,KIAT,N,N,,입찰(용역)공고,2026-05-12,2026-05-26,마감,3992,접수마감,(입찰공고) 2026년 교육과정 개발 및 운영,,,https://www.kiat.or.kr/front/board/boardContentsView.do?board_id=77&contents_id=13a1f32ce0df4126a2cfa5507789ff07&MenuId=1e29209309434ec29095728c6f1356c7
2026-05-11,KIAT,N,Y,평가,입찰(용역)공고,2026-05-11,2026-05-22,마감,3991,접수마감,(입찰재공고) 기술평가 제도 개선 및 활용도 제고 방안,,,https://www.kiat.or.kr/front/board/boardContentsView.do?board_id=77&contents_id=01c272873a5c4547b94370ee4be8cc3f&MenuId=1e29209309434ec29095728c6f1356c7
2026-05-11,KIAT,Y,N,"AI, 에이전트",입찰(용역)공고,2026-05-11,2026-05-22,마감,3990,접수마감,"(입찰재공고) 산업별 AI 에이전트 수요 발굴, 확산 및 고도화를 위한 정책 지원 과제 연구",,,https://www.kiat.or.kr/front/board/boardContentsView.do?board_id=77&contents_id=1c6d57b96fc547febf9ade7898489bc7&MenuId=1e29209309434ec29095728c6f1356c7
2026-05-11,KIAT,N,N,,입찰(용역)공고,2026-05-11,2026-05-22,마감,3989,접수마감,(입찰공고) 2027 유망산업 발굴 및 지원전략 도출 연구,,,https://www.kiat.or.kr/front/board/boardContentsView.do?board_id=77&contents_id=6316612bbe2b4213ae6b51e5da2de175&MenuId=1e29209309434ec29095728c6f1356c7
2026-05-11,KIAT,N,N,,입찰(용역)공고,2026-05-11,2026-05-22,마감,3988,접수마감,(입찰공고) 2027년 산업기술 환경예측을 위한 조사분석,,,https://www.kiat.or.kr/front/board/boardContentsView.do?board_id=77&contents_id=832a4eb9da8b45e4b47234868e647f5f&MenuId=1e29209309434ec29095728c6f1356c7
2026-05-08,NIPA,Y,N,AI,R&D지원사업,2026-05-08,,,350,종료,2026년도 ｢AI 청년창업기업 동반성장 바우처｣ 사업 수요기업 모집 공고,AI 청년창업기업 동반성장 바우처,김영근,https://www.nipa.kr/home/2-2/16764
2026-05-07,KIAT,N,N,,입찰(용역)공고,2026-05-07,2026-05-21,마감,3986,접수마감,(입찰3차공고) 2026년도 기업 R&D 스코어보드 DB 구축 및 조사,,,https://www.kiat.or.kr/front/board/boardContentsView.do?board_id=77&contents_id=f88e23fe1cca4638aa9fb622cce4c4b6&MenuId=1e29209309434ec29095728c6f1356c7
2026-05-07,KIAT,N,N,,입찰(용역)공고,2026-05-07,2026-05-18,마감,3987,접수마감,(입찰공고) KIAT 중장기 경영목표(2027~2031) 수립 및 조직체계 진단,,,https://www.kiat.or.kr/front/board/boardContentsView.do?board_id=77&contents_id=d578bf9c01ea43b3b1abd4059f0ec496&MenuId=1e29209309434ec29095728c6f1356c7
2026-05-06,NIPA,Y,Y,"AI, 실증",R&D지원사업,2026-05-06,,,349,종료,2026년「조선 AX 특화 AI 모델하우스 구축·실증사업」신규과제 모집공고,조선AX 특화 AI모델하우스 구축·실증,이해미,https://www.nipa.kr/home/2-2/16756
2026-05-04,NIPA,N,N,,R&D지원사업,2026-05-04,,,348,종료,2026년 「수출 유망 디지털콘텐츠 강소기업 육성」지원기업 추가모집 공고,2026년 수출 유망 디지털콘텐츠 강소기업 육성 지원,김진원,https://www.nipa.kr/home/2-2/16752
2026-04-30,NIPA,Y,N,"AI, 데이터",R&D지원사업,2026-04-30,,,347,종료,2026년 소형 데이터센터 기반 AI산업 성장 지원 사업 공고,소형 데이터센터 기반 AI 산업 성장 지원,송현수,https://www.nipa.kr/home/2-2/16750
2026-04-30,KEIT,N,N,,R&D지원사업,2026-05-11,2026-05-29,마감,I21435,종료,2026년도 기계장비산업기술개발사업 신규지원 대상과제 공고,,,https://srome.keit.re.kr/srome/biz/perform/opnnPrpsl/retrieveTaskAnncmView.do?prgmId=XPG201040000&ancmId=I21435&ancmYy=2026
2026-04-30,KEIT,Y,N,"AI, 파운데이션모델",R&D지원사업,2026-05-11,2026-05-29,마감,I21434,종료,2026년도 산업용무기·유기화합물제형물성예측AI파운데이션모델개발사업 신규지원 대상과제 공고,IRIS 공고,,https://srome.keit.re.kr/srome/biz/perform/opnnPrpsl/retrieveTaskAnncmView.do?prgmId=XPG201040000&ancmId=I21434&ancmYy=2026
2026-04-30,KEIT,N,N,,R&D지원사업,2026-04-30,2026-05-14,마감,I21454,종료,2026년도 수요맞춤형산업별배터리소재및셀기술개발 사업 신규 지원대상 연구개발과제 재공고,IRIS 공고,,https://srome.keit.re.kr/srome/biz/perform/opnnPrpsl/retrieveTaskAnncmView.do?prgmId=XPG201040000&ancmId=I21454&ancmYy=2026
2026-04-21,KEIT,N,N,,R&D지원사업,2026-04-21,2026-06-02,마감,I21054,종료,2026년도  신산업 대응 차세대 공통핵심뿌리기술개발사업 신규지원 대상과제 공고,IRIS 공고,,https://srome.keit.re.kr/srome/biz/perform/opnnPrpsl/retrieveTaskAnncmView.do?prgmId=XPG201040000&ancmId=I21054&ancmYy=2026
2026-04-21,KEIT,N,N,,R&D지원사업,2026-04-21,2026-05-06,마감,I20915,종료,2026년도 뿌리산업 혁신공정장비 개발사업 신규지원 대상과제 공고 (2차),IRIS 공고,,https://srome.keit.re.kr/srome/biz/perform/opnnPrpsl/retrieveTaskAnncmView.do?prgmId=XPG201040000&ancmId=I20915&ancmYy=2026
2026-04-20,NIPA,Y,N,AI,R&D지원사업,2026-04-20,,,346,종료,2026년도 ｢AI 청년창업기업 동반성장 바우처｣ 지원사업 운영기관 모집 공고,AI 청년창업기업 동반성장 바우처,김영근,https://www.nipa.kr/home/2-2/16731
2026-04-20,NIPA,Y,N,AI,R&D지원사업,2026-04-20,,,345,종료,2026년도 「AI 청년창업기업 동반성장 바우처」 지원사업 공급기업 후보군(POOL) 모집  수정공고,AI 청년창업기업 동반성장 바우처,김영근,https://www.nipa.kr/home/2-2/16730
2026-04-20,NIPA,Y,N,AI,R&D지원사업,2026-04-20,,,344,종료,2026년 AI기반 의료시스템 디지털 전환 지원(AI특화병원 AX-Ready 시범사업) 사업 공고,2026년 AI 기반 의료시스템 디지털 전환 지원(AX-Ready 시범사업),최원석,https://www.nipa.kr/home/2-2/16728
2026-04-20,NIPA,Y,Y,"AI, 평가",R&D지원사업,2026-04-20,,,343,상시모집,2026년 산업전문인력 AI역량강화 지원사업 발표평가 결과 및 지원 대상과제 선정 공고,산업전문인력 AI역량강화,김광혁,https://www.nipa.kr/home/2-2/16726
2026-04-17,NIPA,N,N,,R&D지원사업,2026-04-17,,,342,종료,2026년 코리아 국제 스트리밍 페스티벌 투자유치 쇼케이스 참가 기업 모집 공고(기간연장),K-OTT 확산지원사업,임슬아,https://www.nipa.kr/home/2-2/16725
2026-04-17,KEIT,Y,N,AI,R&D지원사업,2026-04-21,2026-05-11,마감,I21075,종료,2026년도 제조암묵지기반AI모델개발사업 신규지원 대상과제 공고,IRIS 공고,,https://srome.keit.re.kr/srome/biz/perform/opnnPrpsl/retrieveTaskAnncmView.do?prgmId=XPG201040000&ancmId=I21075&ancmYy=2026
2026-04-15,NIPA,N,N,,R&D지원사업,2026-04-15,,,341,종료,싱가포르IT지원센터 2026년 상반기 입주기업 모집 공고,해외IT지원센터(싱가포르) 운영,김수련,https://www.nipa.kr/home/2-2/16720
2026-04-13,NIPA,N,N,,입찰(용역)공고,2026-04-13,,,340,종료,2026년도 호치민IT지원센터 공간 효율화를 위한 인테리어 용역 입찰 공고,해외IT지원센터(호치민) 운영,이로운,https://www.nipa.kr/home/2-2/16712
2026-04-08,NIPA,Y,Y,"AI, 평가",R&D지원사업,2026-04-08,,,339,상시모집,2026년 산업전문인력 AI역량강화 지원사업 서류평가 결과 및 발표평가 대상자 선정 공고,산업전문인력 AI역량강화,김광혁,https://www.nipa.kr/home/2-2/16691
2026-04-06,NIPA,N,N,,R&D지원사업,2026-04-06,,,338,D-64,2026년 DNA 융합 제품·서비스 해외진출 지원 사업  참여기업 모집 공고,DNA 융합 제품서비스 해외진출 지원,곽정호,https://www.nipa.kr/home/2-2/16675
2026-04-06,NIPA,N,N,,R&D지원사업,2026-04-06,,,337,종료,하노이 IT지원센터 ‘26년 상반기 연간/단기 입주기업 모집 공고,해외IT지원센터(하노이) 운영,이서현,https://www.nipa.kr/home/2-2/16680
2026-04-06,KEIT,N,N,,R&D지원사업,2026-04-06,2026-06-12,마감,I20594,종료,2026년도 글로벌기업산업기술연계R&D 사업 신규지원 대상과제 공고,IRIS 공고,,https://srome.keit.re.kr/srome/biz/perform/opnnPrpsl/retrieveTaskAnncmView.do?prgmId=XPG201040000&ancmId=I20594&ancmYy=2026
2026-04-03,NIPA,N,N,,R&D지원사업,2026-04-03,,,336,종료,[재공고]2026년 소프트웨어 인재키움 사업 수행지역 및 기관 선정 공고,소프트웨어 인재키움,주다인,https://www.nipa.kr/home/2-2/16671
2026-04-02,NIPA,N,N,,R&D지원사업,2026-04-02,,,335,종료,「K-테크 파이오니어즈」 글로벌 한국 인재·팀 모집 공고,K-테크 파이오니어즈,강현우,https://www.nipa.kr/home/2-2/16666
2026-04-02,NIPA,N,Y,평가,R&D지원사업,2026-04-02,,,334,상시모집,2026년 SW IP(지식재산권) 평가보증 지원사업 신청안내,SW기술가치확보 및 사업화지원,윤진아,https://www.nipa.kr/home/2-2/16669
2026-04-01,NIPA,Y,N,AI,R&D지원사업,2026-04-01,,,333,D-125,[접수마감]「첨단 GPU 활용 지원 사업」사용자 수시 모집 공고,AI컴퓨팅자원 활용기반 강화사업 (첨단 GPU 활용 지원),정윤서,https://www.nipa.kr/home/2-2/16668
2026-03-24,KEIT,N,N,,R&D지원사업,2026-03-24,2026-04-23,마감,I20274,종료,2026년도 광물자원분야 신규지원대상 연구개발과제 공고,IRIS 공고,,https://srome.keit.re.kr/srome/biz/perform/opnnPrpsl/retrieveTaskAnncmView.do?prgmId=XPG201040000&ancmId=I20274&ancmYy=2026
2026-03-23,KEIT,Y,N,"AI, 데이터",R&D지원사업,2026-04-06,2026-04-21,마감,I20222,종료,2026년도 제조AI데이터벨류체인구축사업 신규지원 대상과제 공고,IRIS 공고,,https://srome.keit.re.kr/srome/biz/perform/opnnPrpsl/retrieveTaskAnncmView.do?prgmId=XPG201040000&ancmId=I20222&ancmYy=2026
2026-03-23,KEIT,Y,Y,"로봇, 실증",R&D지원사업,2026-04-06,2026-04-21,마감,I20221,종료,2026년도 시설농업로봇실증기반구축사업 신규지원 대상과제 공고,IRIS 공고,,https://srome.keit.re.kr/srome/biz/perform/opnnPrpsl/retrieveTaskAnncmView.do?prgmId=XPG201040000&ancmId=I20221&ancmYy=2026
2026-03-19,KEIT,Y,N,AI,R&D지원사업,2026-03-26,2026-04-17,마감,I20194,종료,2026년 AI 응용제품 신속 상용화 지원사업 신규지원 대상과제 공고,IRIS 공고,,https://srome.keit.re.kr/srome/biz/perform/opnnPrpsl/retrieveTaskAnncmView.do?prgmId=XPG201040000&ancmId=I20194&ancmYy=2026
2026-03-17,KEIT,N,N,,R&D지원사업,2026-03-30,2026-04-20,마감,I19937,종료,2026년도 제1차 바이오헬스분야 연구개발사업 신규지원 대상과제 통합 공고,IRIS 공고,,https://srome.keit.re.kr/srome/biz/perform/opnnPrpsl/retrieveTaskAnncmView.do?prgmId=XPG201040000&ancmId=I19937&ancmYy=2026
2026-02-11,KEIT,N,N,,R&D지원사업,2026-02-11,2026-06-18,마감,I18874,종료,2026년도 소재부품기술개발사업(2차) 신규지원 대상과제 공고,IRIS 공고,,https://srome.keit.re.kr/srome/biz/perform/opnnPrpsl/retrieveTaskAnncmView.do?prgmId=XPG201040000&ancmId=I18874&ancmYy=2026
2026-02-04,SMTECH,N,N,,R&D지원사업,2026-02-04,,,5,접수중,2026년도 중소기업 연구인력지원사업(파견) 7월 공고,공공연연구인력파견지원(참여기업접수용),SMTECH,https://www.smtech.go.kr/front/ifg/no/notice02_detail.do?buclYy=&ancmId=S02847&buclCd=S6041&dtlAncmSn=6&schdSe=MO5005&aplySn=1&searchCondition=&searchKeyword=
